Name,Email
Astuteworx Technologies Pty Ltd,ap@astuteworx.com.au
"D M WORLD ME FZE, D M World Rwanda",pramod@dmworldme.com
"Soluciones Orion, Soluciones Orion, Soluciones Orion, Soluciones Orion",freshdesk@solucionesorion.com
JT’s Cloud,Sales@JTsCloud.com
Smartsourcing Solutions Pty Ltd,sadaka@startsmartsourcing.com
"MONOBUNT GmbH, MONOBUNT GmbH",hallo@monobunt.at
g-company,freshworks@g.company
Loupen Technologia,freshdesk@loupen.com.br
Nnovax,marcelo.grandchamp@nnovax.com.br
Zen LATAM,ventas@zenlatam.com
"Master Concept, Master Concept, Master Concept",sales@hkmci.com
"GB Advisors, GB Advisors, GB Advisors, GB Advisors, GB Advisors, GB Advisors, GB Advisors, GB Advisors, GB Advisors, GB Advisors",sales@gb-advisors.com
"None, Swedbyte, Swedbyte, Swedbyte",marcus.landgren@swedbyte.se
Cirruseo Inc,contact.freshdesk@cirruseo.com
Cirruseo Inc,hello@cirruseo.com
Blue note systems,contact@bluenote-systems.com
Novellus.fi,Info@Novellus.fi
"CLOUDPILOTS Software & Consulting GmbH, CLOUDPILOTS Software & Consulting GmbH, CLOUDPILOTS Software & Consulting GmbH",freshworks@cloudpilots.com
Gorilla Services B.V.,Freshworks@gorillaservices.nl
Searce LLP,sales@searce.com
"Dekkers IT Solutions & Consultancy, Dekkers IT Solutions & Consultancy",sales@dekkersit.com
Dataclue,freshworks@dataclue.cz
Ingram Micro,cloud.sales@ingrammicro.co.in
"Freshsolutions (DUBLIN), Freshsolutions (CARLOW)",ctyndale@freshsolutions.ie
Redington,komal.gilhotra@redington.co.in
Team computers,customers@teamcomputers.com
Sri Granth Software Private Limited,nandakumar@sri-granth.com
ThinkUp Consultancy Services LLP,nilesh.thakkar@thinkupconsultancy.com
CSS Corp,Anil.Mishra@csscorp.com
PT Weefer Indonesia,freshdesk@weefer.co.id
CRM Partners,freshdesk@crmpartners.it
We Do Soft Inc.,support@wedosoft.net
Gcloud Technology Sdn Bhd (1205071-H),freshworks-my@g.company
Esource Capital,freshworks@esourcecapital.com
i4 Asia Incorporated,freshdesk@i4asiacorp.com
Deviniti Sp. z o.o,freshdesk@deviniti.com
"ООО ""Сведбайт""",info@swedbyte.se
Zix. ehf,axel@zix.is
Bidda S.A.S,mercadeo@bidda.co
"Fresh Tech Africa, Fresh Tech Africa, Fresh Tech Africa, Fresh Tech Africa, Fresh Tech Africa, Fresh Tech Africa, Fresh Tech Africa",alistair@freshtechafrica.com
Refresh Networks,info@refreshnetworks.co.za
CRM Partners,spain@crmpartners.it
Optima Solutions,freshworks@optimasolutions.es
NexTReT S.L.,info@nextret.net
OrangeOne Corporation,None
"To Work Smile Co., Ltd.",sale@toworksmile.com
NTS Technology Partners,sales@ntsuk.com
Onix,contact@onixnet.com
SemiCent (a Unilytics company),info@semicent.com
DIGI - INFOFABRICA JOINT STOCK COMPANY,haidang@infofabrica.com
Gulf Infotech LLC,freshdesk@gulfinfotech.com
Amplifyreach,sales@amplifyreach.com
CDC Software,mbieber@cdcsoftware.com
Convergytics,randhir@convergytics.net
Innoventes Tech,ram@innoventestech.com
Integration Agent,denis@integrationagent.com
Sensiple,suresh@sensiple.com
Spritle,hs@spritle.com
Techaffinity,media@techaffinity.com
Waterfield,Steve.Hoffman@waterfield.com
ARTIS,support@artissol.com
Nearsoft,ccossio@nearsoft.com
Mako IT Lab,mahendra@makoitlab.com
Honeybadger Labs,hello@honeybadgerlabs.in
Rolodesk,support@rolodesk.in
Sitback,sales@sitback.co.au
Radiare,prakash.rao@radiare.com
CLARA CLOUD SERVICES,contato@claracloud.com.br
UXB,info@uxb.com.br
CloudChoice Inc.,info@cloudchoice.ca
ITAMSoft B.V.,info@itamsoft.com
"Ameex Technologies, Ameex Technologies",info@ameexusa.com
Teleforge,sales@teleforge.co.za
Arbaan,support@arbaan.com
Breezy Themes,hello@breezythemes.com
Clarion,info@clariontech.com
Codup,asim@codup.io
Cogzidel Technologies,ksawme@cogzidel.com
Effy,senthil@effy.co.in
Euris RedTeam,info@eurisredteam.net
Euris RedTeam,<br/>paraboschi@eurisredteam.net
Help Desk Migration,contact@help-desk-migration.com
Import2,help@import2.com
Import2,mark@import2.com
Krosbo Erasmith Pty Ltd,info@erasmith.com
Krosbo Erasmith Pty Ltd,sanjiv.ahuja@erasmith.com
Kumori Technologies,info@kumoritechnologies.com
Loyally,info@loyally.eu
Loyally,j.smulders@loyally.nl
Metclouds Technologies,info@metclouds.com
Success-Craft,olga@success-craft.com
TekTorch Pty Ltd,nikhil@tektorch.com.au
Think42Labs,info@think42labs.com
InfoFabrica Consulting Pte Ltd,freshworks@infofabrica.com
KUWAITNET General Trading & Contracting Company,freshworks@kuwaitnet.com
Peranet Bilgi Teknolojileri,bilgi@peranet.com.tr
Springstep AB,info@verano.se
ROGUE ASIA SDN BHD,kuna@rogueasia.com
Comup,hola@comup.com
Omnis,info@omnis-cx.co.uk
"Techloyce LLC, Techloyce LLC",info@techloyce.com
RSVP Media Response,Paul.Shears@rsvp.co.uk
Commino,hello@commino.co.uk
Blue Profile,sales@blueprofile.co.uk
Tribework GmbH,support@tribework.ch
Torel Consultancy,info@torel.nl
"Aljammaz Cloud, Aljammaz Cloud",zaeem@aljammaz.com
Omnitas Consulting,info@omnitas.se
CUATROi,cloud@cuatroi.com
Studio Yellow,leandrini@studioyellow.com.br
Enpersona360,freshworks@enpersona360.com
GrowthSwell LLC,marni@growthswell.com
Engineering Software Lab,sales@eswlab.com
GMC Infotech,sales@gmcinfotech.com
Remm Technologies and Solutions LTD,victor.m@remmtechnologies.com
EDUCORE SOFTWARE,info@educoresoftware.com
BABEL SYSTEMS,ventas@babelsystems.com.mx
Illuminate Technologies,info@illuminatetechnologies.net
CommercePundit,freshworks@commercepundit.com
ACL Systems,ventas@aclsystems.mx
Sitelicon,hola@sitelicon.com
Synergy Enterprise Solutions Pty Ltd,info@synergyes.com.au
Synergy Enterprise Solutions Pty Ltd,info@synergyes.co.nz
Appsoluti,info@appsoluti.com
Gizione,alex@gizione.xyz
